{"cameraMode":{"drawMode":0,"name":"Shaded","section":"Shading Mode"},"sceneLighting":true,"audioPlay":false,"sceneViewState":{"m_AlwaysRefresh":false,"showFog":true,"showSkybox":true,"showFlares":true,"showImageEffects":true,"showParticleSystems":true,"showVisualEffectGraphs":true,"m_FxEnabled":true},"in2DMode":false,"pivot":{"x":11.080916404724121,"y":3.293916940689087,"z":16.410621643066408},"rotation":{"x":0.01556449942290783,"y":-0.8689270615577698,"z":0.027380116283893586,"w":0.49394217133522036},"size":10.180004119873047,"orthographic":true}