{"cameraMode":{"drawMode":0,"name":"Shaded","section":"Shading Mode"},"sceneLighting":true,"audioPlay":false,"sceneViewState":{"m_AlwaysRefresh":false,"showFog":true,"showSkybox":true,"showFlares":true,"showImageEffects":true,"showParticleSystems":true,"showVisualEffectGraphs":true,"m_FxEnabled":true},"in2DMode":false,"pivot":{"x":0.8001415729522705,"y":8.437874794006348,"z":14.876089096069336},"rotation":{"x":-0.0036483181174844505,"y":0.9953395128250122,"z":-0.04182887077331543,"w":-0.08681366592645645},"size":215.51683044433595,"orthographic":false}